address;latitude;longitude;district
Варшавское шоссе, владение 99А;55.632713;37.620636;район Чертаново Северное
город Москва, Варшавское шоссе, владение 129Г;55.611806;37.611464;район Чертаново Центральное
город Москва, Варшавское шоссе, владение 132/1;55.620926;37.609425;район Чертаново Центральное
город Москва, Варшавское шоссе, владение 132/2;55.620316;37.608922;район Чертаново Центральное
город Москва, Варшавское шоссе, дом 1;55.703129;37.623313;Донской район
город Москва, Варшавское шоссе, дом 100;55.646233;37.618821;Нагорный район
город Москва, Варшавское шоссе, дом 102, строение 2;55.644623;37.618965;Нагорный район
город Москва, Варшавское шоссе, дом 116;55.633922;37.617204;район Чертаново Северное
город Москва, Варшавское шоссе, дом 118, корпус 1;55.631773;37.618031;район Чертаново Северное
город Москва, Варшавское шоссе, дом 122А;55.629567;37.616521;район Чертаново Северное
город Москва, Варшавское шоссе, дом 125, корпус 3;55.622416;37.619513;район Чертаново Северное
город Москва, Варшавское шоссе, дом 125, строение 15;55.625532;37.618543;район Чертаново Северное
город Москва, Варшавское шоссе, дом 125, строение 3;55.62945;37.621723;район Чертаново Северное
город Москва, Варшавское шоссе, дом 125Ж, корпус 5;55.622497;37.621525;район Чертаново Северное
город Москва, Варшавское шоссе, дом 125Ж, корпус 6;55.622085;37.621444;район Чертаново Северное
город Москва, Варшавское шоссе, дом 127;55.621211;37.616396;район Чертаново Центральное
город Москва, Варшавское шоссе, дом 129;55.614378;37.614096;район Чертаново Центральное
город Москва, Варшавское шоссе, дом 132, сооружение 1;55.618872;37.612829;район Чертаново Центральное
город Москва, Варшавское шоссе, дом 132, строение 10;55.61934;37.609128;район Чертаново Центральное
город Москва, Варшавское шоссе, дом 132, строение 9;55.620901;37.610449;район Чертаново Центральное
город Москва, Варшавское шоссе, дом 132А;55.616747;37.61088;район Чертаново Центральное
город Москва, Варшавское шоссе, дом 133;55.604102;37.607862;район Чертаново Южное
город Москва, Варшавское шоссе, дом 135Б;55.596335;37.602885;район Чертаново Южное
город Москва, Варшавское шоссе, дом 138;55.61327;37.60779;район Чертаново Центральное
город Москва, Варшавское шоссе, дом 14, строение 1;55.696022;37.619764;Донской район
город Москва, Варшавское шоссе, дом 141, корпус 10;55.589203;37.602714;район Чертаново Южное
город Москва, Варшавское шоссе, дом 141, корпус 11;55.588415;37.601807;район Чертаново Южное
город Москва, Варшавское шоссе, дом 141, корпус 12;55.588649;37.604448;район Чертаново Южное
город Москва, Варшавское шоссе, дом 143;55.583566;37.600118;район Чертаново Южное
город Москва, Варшавское шоссе, дом 143, корпус 5А;55.581139;37.597998;район Чертаново Южное
город Москва, Варшавское шоссе, дом 143А;55.583953;37.599157;район Чертаново Южное
город Москва, Варшавское шоссе, дом 144, корпус 2, строение 2;55.603791;37.604241;район Чертаново Центральное
город Москва, Варшавское шоссе, дом 145, корпус 8;55.578574;37.602579;район Чертаново Южное
город Москва, Варшавское шоссе, дом 148;55.60102;37.602526;район Чертаново Южное
город Москва, Варшавское шоссе, дом 152, корпус 2;55.591259;37.598348;район Чертаново Южное
город Москва, Варшавское шоссе, дом 152А;55.594514;37.599166;район Чертаново Южное
город Москва, Варшавское шоссе, дом 153;55.577551;37.597172;район Чертаново Южное
город Москва, Варшавское шоссе, дом 160;55.582991;37.595249;район Чертаново Южное
город Москва, Варшавское шоссе, дом 170А;55.581373;37.595465;район Чертаново Южное
город Москва, Варшавское шоссе, дом 170Б, строение 4;55.581444;37.590542;район Чертаново Южное
город Москва, Варшавское шоссе, дом 170Г;55.579653;37.591072;район Чертаново Южное
город Москва, Варшавское шоссе, дом 170Г, строение 5;55.580136;37.594063;район Чертаново Южное
город Москва, Варшавское шоссе, дом 2;55.699949;37.619683;Донской район
город Москва, Варшавское шоссе, дом 206;55.537088;37.581721;район Южное Бутово
город Москва, Варшавское шоссе, дом 23;55.69488;37.622306;Донской район
город Москва, Варшавское шоссе, дом 26;55.684503;37.621947;Нагорный район
город Москва, Варшавское шоссе, дом 26, строение 5;55.683909;37.621552;Нагорный район
город Москва, Варшавское шоссе, дом 27;55.69351;37.622082;Донской район
город Москва, Варшавское шоссе, дом 28А;55.682803;37.617941;Нагорный район
город Москва, Варшавское шоссе, дом 29;55.693079;37.622801;Донской район
город Москва, Варшавское шоссе, дом 30, корпус 2;55.682524;37.62122;Нагорный район
город Москва, Варшавское шоссе, дом 33;55.692389;37.622738;Донской район
город Москва, Варшавское шоссе, дом 33, строение 12;55.691755;37.622378;Донской район
город Москва, Варшавское шоссе, дом 34;55.680311;37.623492;Нагорный район
город Москва, Варшавское шоссе, дом 37;55.688649;37.62342;район Нагатино-Садовники
город Москва, Варшавское шоссе, дом 39;55.684498;37.624085;район Нагатино-Садовники
город Москва, Варшавское шоссе, дом 39А;55.686284;37.624022;район Нагатино-Садовники
город Москва, Варшавское шоссе, дом 45;55.67995;37.625289;район Нагатино-Садовники
город Москва, Варшавское шоссе, дом 47, корпус 4;55.679138;37.630131;район Нагатино-Садовники
город Москва, Варшавское шоссе, дом 56, строение 2;55.666167;37.619854;Нагорный район
город Москва, Варшавское шоссе, дом 59А;55.675641;37.626951;район Нагатино-Садовники
город Москва, Варшавское шоссе, дом 7, корпус 1;55.700877;37.622405;Донской район
город Москва, Варшавское шоссе, дом 71, корпус 3;55.661034;37.621507;Нагорный район
город Москва, Варшавское шоссе, дом 72, корпус 2;55.656839;37.618767;Нагорный район
город Москва, Варшавское шоссе, дом 81, корпус 2;55.656539;37.621202;Нагорный район
город Москва, Варшавское шоссе, дом 82;55.65178;37.618767;Нагорный район
город Москва, Варшавское шоссе, дом 83, строение 1;55.655823;37.62051;Нагорный район
город Москва, Варшавское шоссе, дом 86;55.650246;37.618821;Нагорный район
город Москва, Варшавское шоссе, дом 86А;55.650002;37.618776;Нагорный район
город Москва, Варшавское шоссе, дом 87Б;55.653644;37.620698;Нагорный район
город Москва, Варшавское шоссе, дом 9;55.700486;37.621678;Донской район
город Москва, Варшавское шоссе, дом 9, строение 1;55.699467;37.625594;Донской район
город Москва, Варшавское шоссе, дом 9, строение 1Б;55.700035;37.62369;Донской район
город Москва, Варшавское шоссе, дом 91;55.651288;37.620447;Нагорный район
город Москва, Варшавское шоссе, дом 91, строение 17;55.651039;37.620339;Нагорный район
город Москва, Варшавское шоссе, дом 93;55.646894;37.620707;Нагорный район
город Москва, Варшавское шоссе, дом 95, корпус 1;55.640274;37.621947;район Чертаново Северное
город Москва, Варшавское шоссе, дом 97;55.633226;37.624256;район Чертаново Северное
город Москва, Каширское шоссе, владение 25Б;55.65627;37.647998;район Нагатино-Садовники
город Москва, Каширское шоссе, владение 25Б, строение 10;55.655696;37.648573;район Нагатино-Садовники
город Москва, Каширское шоссе, владение 36А;55.649936;37.658239;район Москворечье-Сабурово
город Москва, Каширское шоссе, владение 57А;55.634308;37.701304;район Москворечье-Сабурово
город Москва, Каширское шоссе, дом 1, строение 3;55.674839;37.628217;район Нагатино-Садовники
город Москва, Каширское шоссе, дом 10, корпус 1, строение 1;55.66634;37.628298;район Нагатино-Садовники
город Москва, Каширское шоссе, дом 108, корпус 1;55.609299;37.716504;район Орехово-Борисово Южное
город Москва, Каширское шоссе, дом 122;55.605902;37.718139;район Орехово-Борисово Южное
город Москва, Каширское шоссе, дом 12А;55.665787;37.628711;район Нагатино-Садовники
город Москва, Каширское шоссе, дом 13, корпус 1;55.666533;37.629942;район Нагатино-Садовники
город Москва, Каширское шоссе, дом 13, корпус 3;55.667117;37.632341;район Нагатино-Садовники
город Москва, Каширское шоссе, дом 14;55.664456;37.627059;район Нагатино-Садовники
город Москва, Каширское шоссе, дом 142, корпус 1;55.597327;37.722343;район Орехово-Борисово Южное
город Москва, Каширское шоссе, дом 16, корпус 1;55.661476;37.633068;район Нагатино-Садовники
город Москва, Каширское шоссе, дом 19, корпус 2;55.664593;37.63464;район Нагатино-Садовники
город Москва, Каширское шоссе, дом 23, строение 5;55.65981;37.642546;район Нагатино-Садовники
город Москва, Каширское шоссе, дом 24;55.656514;37.643085;район Москворечье-Сабурово
город Москва, Каширское шоссе, дом 24, строение 3;55.654934;37.646705;район Москворечье-Сабурово
город Москва, Каширское шоссе, дом 26;55.653319;37.646139;район Москворечье-Сабурово
город Москва, Каширское шоссе, дом 26, корпус 3;55.652913;37.647307;район Москворечье-Сабурово
город Москва, Каширское шоссе, дом 3, корпус 1, строение 4;55.671473;37.62881;район Нагатино-Садовники
город Москва, Каширское шоссе, дом 3, корпус 2, строение 9;55.672016;37.631631;район Нагатино-Садовники
город Москва, Каширское шоссе, дом 31;55.64987;37.664393;район Москворечье-Сабурово
город Москва, Каширское шоссе, дом 33;55.646569;37.670339;район Москворечье-Сабурово
город Москва, Каширское шоссе, дом 39, корпус 1;55.646121;37.672522;район Москворечье-Сабурово
город Москва, Каширское шоссе, дом 39Б;55.647071;37.673582;район Москворечье-Сабурово
город Москва, Каширское шоссе, дом 4, корпус 1;55.668417;37.628002;район Нагатино-Садовники
город Москва, Каширское шоссе, дом 40, корпус 2;55.648946;37.661734;район Москворечье-Сабурово
город Москва, Каширское шоссе, дом 41;55.645984;37.673151;район Москворечье-Сабурово
город Москва, Каширское шоссе, дом 44, корпус 1;55.64824;37.663009;район Москворечье-Сабурово
город Москва, Каширское шоссе, дом 45;55.644521;37.677203;район Москворечье-Сабурово
город Москва, Каширское шоссе, дом 46, корпус 1;55.647899;37.664788;район Москворечье-Сабурово
город Москва, Каширское шоссе, дом 49;55.640736;37.68659;район Москворечье-Сабурово
город Москва, Каширское шоссе, дом 5, корпус 1;55.671174;37.62908;район Нагатино-Садовники
город Москва, Каширское шоссе, дом 51, корпус 3;55.640462;37.690722;район Москворечье-Сабурово
город Москва, Каширское шоссе, дом 52;55.645964;37.668022;район Москворечье-Сабурово
город Москва, Каширское шоссе, дом 53, корпус 4;55.639349;37.693606;район Москворечье-Сабурово
город Москва, Каширское шоссе, дом 56, корпус 2;55.64478;37.669998;район Москворечье-Сабурово
город Москва, Каширское шоссе, дом 57, корпус 4;55.638211;37.696337;район Москворечье-Сабурово
город Москва, Каширское шоссе, дом 57, корпус 6;55.638739;37.696867;район Москворечье-Сабурово
город Москва, Каширское шоссе, дом 60, корпус 2;55.644155;37.671588;район Москворечье-Сабурово
город Москва, Каширское шоссе, дом 61, корпус 3А;55.617342;37.715812;район Орехово-Борисово Северное
город Москва, Каширское шоссе, дом 61/15;55.612217;37.718121;район Орехово-Борисово Северное
город Москва, Каширское шоссе, дом 67;55.596106;37.728541;район Орехово-Борисово Южное
город Москва, Каширское шоссе, дом 7, корпус 1;55.669518;37.628882;район Нагатино-Садовники
город Москва, Каширское шоссе, дом 76, корпус 7;55.640228;37.678604;район Москворечье-Сабурово
город Москва, Каширское шоссе, дом 78, корпус 6;55.639969;37.683625;район Москворечье-Сабурово
город Москва, Каширское шоссе, дом 8, корпус 1;55.666904;37.628586;район Нагатино-Садовники
город Москва, Каширское шоссе, дом 80;55.624505;37.709093;район Орехово-Борисово Северное
город Москва, Каширское шоссе, дом 82А;55.624932;37.70841;район Орехово-Борисово Северное
город Москва, Каширское шоссе, дом 9, корпус 2;55.668386;37.630652;район Нагатино-Садовники
город Москва, Каширское шоссе, дом 9, корпус 3;55.668559;37.631514;район Нагатино-Садовники
город Москва, Каширское шоссе, дом 96, корпус 1;55.614927;37.7123;район Орехово-Борисово Северное
город Москва, Кутузовский проспект, дом 12, строение 1;55.750788;37.5592;район Дорогомилово
город Москва, Кутузовский проспект, дом 12, строение 2;55.750636;37.557673;район Дорогомилово
город Москва, Кутузовский проспект, дом 12, строение 3;55.750515;37.556379;район Дорогомилово
город Москва, Кутузовский проспект, дом 12, строение 9;55.749836;37.55778;район Дорогомилово
город Москва, Кутузовский проспект, дом 17;55.746922;37.556864;район Дорогомилово
город Москва, Кутузовский проспект, дом 18;55.746791;37.552184;район Дорогомилово
город Москва, Кутузовский проспект, дом 2/1, корпус 1А;55.750717;37.564913;район Дорогомилово
город Москва, Кутузовский проспект, дом 2/1, строение 1;55.751457;37.565461;район Дорогомилово
город Москва, Кутузовский проспект, дом 2/1, строение 6;55.752328;37.566773;район Дорогомилово
город Москва, Кутузовский проспект, дом 21;55.744977;37.549866;район Дорогомилово
город Москва, Кутузовский проспект, дом 24;55.744531;37.545267;район Дорогомилово
город Москва, Кутузовский проспект, дом 24, сооружение 1;55.744531;37.545267;район Дорогомилово
город Москва, Кутузовский проспект, дом 30;55.74148;37.535835;район Дорогомилово
город Москва, Кутузовский проспект, дом 33;55.74147;37.540784;район Дорогомилово
город Москва, Кутузовский проспект, дом 34;55.740522;37.528972;район Дорогомилово
город Москва, Кутузовский проспект, дом 36, строение 10;55.741855;37.525396;район Дорогомилово
город Москва, Кутузовский проспект, дом 36, строение 11;55.741987;37.526726;район Дорогомилово
город Москва, Кутузовский проспект, дом 36, строение 23;55.742889;37.526618;район Дорогомилово
город Москва, Кутузовский проспект, дом 36, строение 3;55.740026;37.526295;район Дорогомилово
город Москва, Кутузовский проспект, дом 36, строение 39;55.739625;37.527417;район Дорогомилово
город Москва, Кутузовский проспект, дом 36А;55.738743;37.526187;район Дорогомилово
город Москва, Кутузовский проспект, дом 4/2;55.750732;37.562272;район Дорогомилово
город Москва, Кутузовский проспект, дом 41;55.738688;37.531038;район Дорогомилово
город Москва, Кутузовский проспект, дом 43;55.73811;37.528855;район Дорогомилово
город Москва, Кутузовский проспект, дом 45;55.737076;37.525863;район Дорогомилово
город Москва, Кутузовский проспект, дом 48;55.731718;37.487362;район Фили-Давыдково
город Москва, Кутузовский проспект, дом 57;55.727932;37.476169;район Фили-Давыдково
город Москва, Кутузовский проспект, дом 71;55.723719;37.452103;район Фили-Давыдково
город Москва, Кутузовский проспект, дом 8;55.749177;37.560547;район Дорогомилово
город Москва, Кутузовский проспект, дом 88;55.725595;37.449677;район Фили-Давыдково
город Москва, Ленинградский проспект, владение 37А, корпус 4;55.791714;37.542329;Хорошёвский район
город Москва, Ленинградский проспект, дом 10;55.779712;37.579933;район Беговой
город Москва, Ленинградский проспект, дом 11;55.780416;37.573932;район Беговой
город Москва, Ленинградский проспект, дом 12;55.780162;37.578855;район Беговой
город Москва, Ленинградский проспект, дом 13, строение 1;55.781038;37.5736;район Беговой
город Москва, Ленинградский проспект, дом 15, строение 1;55.781545;37.572082;район Беговой
город Москва, Ленинградский проспект, дом 15, строение 2;55.781858;37.571929;район Беговой
город Москва, Ленинградский проспект, дом 2;55.778644;37.582709;район Беговой
город Москва, Ленинградский проспект, дом 22;55.78198;37.574983;район Беговой
город Москва, Ленинградский проспект, дом 23;55.783165;37.569225;район Беговой
город Москва, Ленинградский проспект, дом 24;55.782552;37.573708;район Беговой
город Москва, Ленинградский проспект, дом 24А;55.783463;37.574588;район Беговой
город Москва, Ленинградский проспект, дом 24А, строение 4;55.78322;37.573771;район Беговой
город Москва, Ленинградский проспект, дом 3, строение 1;55.777565;37.578424;район Беговой
город Москва, Ленинградский проспект, дом 30, строение 1;55.784207;37.570231;район Беговой
город Москва, Ленинградский проспект, дом 31, строение 3;55.784111;37.560727;район Беговой
город Москва, Ленинградский проспект, дом 31, строение 9;55.785392;37.562146;район Беговой
город Москва, Ленинградский проспект, дом 31А, строение 1;55.78359;37.56017;район Беговой
город Москва, Ленинградский проспект, дом 32/2;55.784622;37.56945;район Беговой
город Москва, Ленинградский проспект, дом 33, корпус 1;55.78646;37.560484;район Беговой
город Москва, Ленинградский проспект, дом 33, корпус 3;55.787001;37.560781;район Беговой
город Москва, Ленинградский проспект, дом 33, корпус 4;55.78732;37.559829;район Беговой
город Москва, Ленинградский проспект, дом 35;55.790357;37.55328;район Беговой
город Москва, Ленинградский проспект, дом 36;55.791248;37.559388;район Аэропорт
город Москва, Ленинградский проспект, дом 36, строение 31;55.787837;37.567392;район Аэропорт
город Москва, Ленинградский проспект, дом 36, строение 33;55.787376;37.566728;район Аэропорт
город Москва, Ленинградский проспект, дом 37;55.792108;37.540757;Хорошёвский район
город Москва, Ленинградский проспект, дом 37, корпус 1;55.792007;37.546605;Хорошёвский район
город Москва, Ленинградский проспект, дом 37, корпус 5;55.794629;37.542842;Хорошёвский район
город Москва, Ленинградский проспект, дом 37, корпус 9;55.79055;37.547387;Хорошёвский район
город Москва, Ленинградский проспект, дом 37, строение 12;55.79428;37.543533;Хорошёвский район
город Москва, Ленинградский проспект, дом 37, строение 16;55.793186;37.546731;Хорошёвский район
город Москва, Ленинградский проспект, дом 37А, корпус 14;55.791602;37.541251;Хорошёвский район
город Москва, Ленинградский проспект, дом 37А, строение 32;55.790757;37.552453;район Беговой
город Москва, Ленинградский проспект, дом 37Б;55.790221;37.544638;Хорошёвский район
город Москва, Ленинградский проспект, дом 39, строение 1;55.79056;37.539877;Хорошёвский район
город Москва, Ленинградский проспект, дом 39, строение 30;55.793784;37.539967;Хорошёвский район
город Москва, Ленинградский проспект, дом 39, строение 41;55.794689;37.538269;Хорошёвский район
город Москва, Ленинградский проспект, дом 39, строение 57;55.790717;37.54215;Хорошёвский район
город Москва, Ленинградский проспект, дом 39, строение 73;55.794609;37.541207;Хорошёвский район
город Москва, Ленинградский проспект, дом 39, строение 80;55.796567;37.536931;Хорошёвский район
город Москва, Ленинградский проспект, дом 4/2;55.77874;37.582125;район Беговой
город Москва, Ленинградский проспект, дом 40;55.79303;37.552193;район Аэропорт
город Москва, Ленинградский проспект, дом 44;55.79473;37.546803;район Аэропорт
город Москва, Ленинградский проспект, дом 45, корпус 1;55.79889;37.533858;Хорошёвский район
город Москва, Ленинградский проспект, дом 47, строение 1;55.799806;37.530822;Хорошёвский район
город Москва, Ленинградский проспект, дом 47, строение 2;55.799036;37.532601;Хорошёвский район
город Москва, Ленинградский проспект, дом 47, строение 3;55.798935;37.531199;Хорошёвский район
город Москва, Ленинградский проспект, дом 48;55.796157;37.543488;район Аэропорт
город Москва, Ленинградский проспект, дом 5, строение 7;55.77917;37.577903;район Беговой
город Москва, Ленинградский проспект, дом 55;55.801369;37.525612;Хорошёвский район
город Москва, Ленинградский проспект, дом 56;55.798515;37.537955;район Аэропорт
город Москва, Ленинградский проспект, дом 58, строение 2;55.799163;37.536544;район Аэропорт
город Москва, Ленинградский проспект, дом 60, корпус 1;55.799689;37.535359;район Аэропорт
город Москва, Ленинградский проспект, дом 62;55.80104;37.533391;район Аэропорт
город Москва, Ленинградский проспект, дом 62А;55.801835;37.532107;район Аэропорт
город Москва, Ленинградский проспект, дом 63;55.802659;37.519764;район Сокол
город Москва, Ленинградский проспект, дом 64;55.802341;37.52916;район Аэропорт
город Москва, Ленинградский проспект, дом 65;55.802998;37.519467;район Сокол
город Москва, Ленинградский проспект, дом 66;55.802761;37.526007;район Аэропорт
город Москва, Ленинградский проспект, дом 68, строение 23;55.803621;37.524327;район Аэропорт
город Москва, Ленинградский проспект, дом 69, строение 1;55.802816;37.517716;район Сокол
город Москва, Ленинградский проспект, дом 71, корпус Г;55.80399;37.516;район Сокол
город Москва, Ленинградский проспект, дом 72, корпус 1;55.805791;37.520348;район Аэропорт
город Москва, Ленинградский проспект, дом 72, корпус 2;55.805533;37.521336;район Аэропорт
город Москва, Ленинградский проспект, дом 72, корпус 3;55.804951;37.520842;район Аэропорт
город Москва, Ленинградский проспект, дом 72, корпус 4;55.80525;37.519863;район Аэропорт
город Москва, Ленинградский проспект, дом 74, корпус 1;55.805133;37.516952;район Аэропорт
город Москва, Ленинградский проспект, дом 74, корпус 6;55.806413;37.51688;район Аэропорт
город Москва, Ленинградский проспект, дом 74, строение 8;55.806793;37.517796;район Аэропорт
город Москва, Ленинградский проспект, дом 74А;55.806945;37.516934;район Аэропорт
город Москва, Ленинградский проспект, дом 75, корпус 1;55.804956;37.512344;район Сокол
город Москва, Ленинградский проспект, дом 75, корпус 1Б;55.80483;37.510502;район Сокол
город Москва, Ленинградский проспект, дом 75Г, строение 1;55.803282;37.512766;район Сокол
город Москва, Ленинградский проспект, дом 76А;55.805837;37.515164;район Аэропорт
город Москва, Ленинградский проспект, дом 77, корпус 2;55.805214;37.508185;район Сокол
город Москва, Ленинградский проспект, дом 77, корпус 4;55.805776;37.506091;район Сокол
город Москва, Ленинградский проспект, дом 78, корпус 1;55.806059;37.513305;район Аэропорт
город Москва, Ленинградский проспект, дом 80, корпус 11;55.808786;37.511086;район Сокол
город Москва, Ленинградский проспект, дом 80, корпус 17;55.807956;37.511508;район Сокол
город Москва, Ленинградский проспект, дом 80, корпус 19;55.807375;37.511409;район Сокол
город Москва, Ленинградский проспект, дом 80, корпус 21;55.808548;37.512398;район Сокол
город Москва, Ленинградский проспект, дом 9Б, строение 1;55.780507;37.574624;район Беговой
город Москва, Ленинский проспект, дом 1/2, корпус 1;55.727136;37.609901;район Якиманка
город Москва, Ленинский проспект, дом 101;55.666624;37.51573;Обручевский район
город Москва, Ленинский проспект, дом 105;55.665309;37.513395;Обручевский район
город Москва, Ленинский проспект, дом 109;55.663842;37.511445;Обручевский район
город Москва, Ленинский проспект, дом 11, строение 1;55.723207;37.603945;район Якиманка
город Москва, Ленинский проспект, дом 111, корпус 1;55.661333;37.509352;Обручевский район
город Москва, Ленинский проспект, дом 111/2;55.662227;37.50867;район Коньково
город Москва, Ленинский проспект, дом 113/1;55.655783;37.498222;район Коньково
город Москва, Ленинский проспект, дом 119;55.651516;37.488727;район Коньково
город Москва, Ленинский проспект, дом 121/1, корпус 3;55.649251;37.484406;район Коньково
город Москва, Ленинский проспект, дом 128, корпус 1;55.666675;37.510511;район Проспект Вернадского
город Москва, Ленинский проспект, дом 129, корпус 2;55.643713;37.480849;район Тёплый Стан
город Москва, Ленинский проспект, дом 13;55.722036;37.602085;район Якиманка
город Москва, Ленинский проспект, дом 146;55.657408;37.497656;район Тропарёво-Никулино
город Москва, Ленинский проспект, дом 148;55.655168;37.492949;район Тропарёво-Никулино
город Москва, Ленинский проспект, дом 15;55.720154;37.599983;Донской район
город Москва, Ленинский проспект, дом 150;55.654528;37.491296;район Тропарёво-Никулино
город Москва, Ленинский проспект, дом 156;55.651978;37.486005;район Тропарёво-Никулино
город Москва, Ленинский проспект, дом 158;55.651186;37.483104;район Тропарёво-Никулино
город Москва, Ленинский проспект, дом 15А;55.720905;37.600729;Донской район
город Москва, Ленинский проспект, дом 2;55.729529;37.611392;район Якиманка
город Москва, Ленинский проспект, дом 2, сооружение 1;55.729671;37.610961;район Якиманка
город Москва, Ленинский проспект, дом 25;55.717295;37.595097;Донской район
город Москва, Ленинский проспект, дом 28;55.713451;37.588575;Донской район
город Москва, Ленинский проспект, дом 29;55.714171;37.590865;Донской район
город Москва, Ленинский проспект, дом 2А;55.728783;37.610988;район Якиманка
город Москва, Ленинский проспект, дом 3;55.726142;37.608185;район Якиманка
город Москва, Ленинский проспект, дом 31, корпус 1, строение 1;55.713212;37.589877;Донской район
город Москва, Ленинский проспект, дом 34/1;55.707365;37.57775;Гагаринский район
город Москва, Ленинский проспект, дом 37;55.709956;37.585691;Донской район
город Москва, Ленинский проспект, дом 37А;55.708628;37.586634;Донской район
город Москва, Ленинский проспект, дом 39/1;55.707451;37.582826;Гагаринский район
город Москва, Ленинский проспект, дом 4, строение 1А;55.727491;37.608886;район Якиманка
город Москва, Ленинский проспект, дом 42, корпус 1-2-3;55.702551;37.56671;Гагаринский район
город Москва, Ленинский проспект, дом 42, корпус 4;55.704286;37.568614;Гагаринский район
город Москва, Ленинский проспект, дом 43;55.704793;37.576286;Гагаринский район
город Москва, Ленинский проспект, дом 44;55.701318;37.567159;Гагаринский район
город Москва, Ленинский проспект, дом 54;55.697914;37.560377;Гагаринский район
город Москва, Ленинский проспект, дом 57;55.69658;37.561553;Гагаринский район
город Москва, Ленинский проспект, дом 60/2;55.695829;37.557682;Гагаринский район
город Москва, Ленинский проспект, дом 61/1;55.69486;37.558517;Гагаринский район
город Москва, Ленинский проспект, дом 65, корпус 1;55.692232;37.55487;Гагаринский район
город Москва, Ленинский проспект, дом 65, корпус 2;55.692064;37.557197;Гагаринский район
город Москва, Ленинский проспект, дом 65, корпус 3;55.692064;37.557197;Гагаринский район
город Москва, Ленинский проспект, дом 67;55.691521;37.552741;Гагаринский район
город Москва, Ленинский проспект, дом 68/10;55.689141;37.545833;Гагаринский район
город Москва, Ленинский проспект, дом 69;55.690374;37.550657;Гагаринский район
город Москва, Ленинский проспект, дом 70/11;55.687497;37.543327;Гагаринский район
город Москва, Ленинский проспект, дом 73/8;55.688553;37.547405;Гагаринский район
город Москва, Ленинский проспект, дом 75/9;55.68698;37.544997;Гагаринский район
город Москва, Ленинский проспект, дом 75А;55.686203;37.54427;Гагаринский район
город Москва, Ленинский проспект, дом 77, корпус 1;55.685782;37.543201;Гагаринский район
город Москва, Ленинский проспект, дом 82/2;55.680763;37.533499;Ломоносовский район
город Москва, Ленинский проспект, дом 85;55.680834;37.535871;Ломоносовский район
город Москва, Ленинский проспект, дом 87;55.679351;37.533751;Ломоносовский район
город Москва, Ленинский проспект, дом 88;55.676149;37.526259;Ломоносовский район
город Москва, Ленинский проспект, дом 88, строение 1;55.67655;37.525872;Ломоносовский район
город Москва, Ленинский проспект, дом 89/2;55.677935;37.531631;Ломоносовский район
город Москва, Ленинский проспект, дом 91;55.676651;37.529789;Ломоносовский район
город Москва, Ленинский проспект, дом 95;55.673976;37.525872;Ломоносовский район
город Москва, Ленинский проспект, дом 99;55.668635;37.518767;Обручевский район
город Москва, Пресненская набережная, дом 10;55.746593;37.53738;Пресненский район
город Москва, Пресненская набережная, дом 10, строение 2;55.747622;37.535071;Пресненский район
город Москва, Пресненская набережная, дом 12;55.749633;37.537434;Пресненский район
город Москва, Пресненская набережная, дом 2;55.749162;37.539742;Пресненский район
город Москва, Пресненская набережная, дом 2, сооружение 1;55.749162;37.539742;Пресненский район
город Москва, Пресненская набережная, дом 4, строение 1;55.748924;37.542949;Пресненский район
город Москва, Пресненская набережная, дом 6, строение 2;55.748179;37.540245;Пресненский район
город Москва, Пресненская набережная, дом 8, строение 1;55.747115;37.539087;Пресненский район
город Москва, проспект Вернадского, владение 6, строение 3;55.692714;37.53393;район Раменки
город Москва, проспект Вернадского, дом 100, корпус ЗОНА, строение А;55.70285;37.546084;район Раменки
город Москва, проспект Вернадского, дом 101, корпус 1;55.665705;37.488556;район Тропарёво-Никулино
город Москва, проспект Вернадского, дом 103, корпус 1;55.663365;37.492671;район Тропарёво-Никулино
город Москва, проспект Вернадского, дом 105;55.662882;37.48561;район Тропарёво-Никулино
город Москва, проспект Вернадского, дом 105, корпус 1;55.662359;37.48587;район Тропарёво-Никулино
город Москва, проспект Вернадского, дом 105, корпус 3;55.663811;37.484864;район Тропарёво-Никулино
город Москва, проспект Вернадского, дом 105, корпус 4;55.663674;37.486733;район Тропарёво-Никулино
город Москва, проспект Вернадского, дом 109;55.661471;37.483714;район Тропарёво-Никулино
город Москва, проспект Вернадского, дом 11/19;55.688746;37.528891;Ломоносовский район
город Москва, проспект Вернадского, дом 111;55.660272;37.482744;район Тропарёво-Никулино
город Москва, проспект Вернадского, дом 121, корпус 1;55.657189;37.481909;район Тропарёво-Никулино
город Москва, проспект Вернадского, дом 123, строение 2;55.655772;37.481397;район Тропарёво-Никулино
город Москва, проспект Вернадского, дом 125;55.655478;37.482035;район Тропарёво-Никулино
город Москва, проспект Вернадского, дом 127, корпус 3;55.654035;37.482304;район Тропарёво-Никулино
город Москва, проспект Вернадского, дом 12Д;55.686269;37.511472;район Раменки
город Москва, проспект Вернадского, дом 13;55.687655;37.527678;Ломоносовский район
город Москва, проспект Вернадского, дом 14А;55.677737;37.506891;район Проспект Вернадского
город Москва, проспект Вернадского, дом 14Б;55.676301;37.504555;район Проспект Вернадского
город Москва, проспект Вернадского, дом 29;55.681712;37.516449;Ломоносовский район
город Москва, проспект Вернадского, дом 33;55.680747;37.514563;Ломоносовский район
город Москва, проспект Вернадского, дом 37, корпус 1;55.678747;37.51114;район Проспект Вернадского
город Москва, проспект Вернадского, дом 37, корпус 2;55.677433;37.50946;район Проспект Вернадского
город Москва, проспект Вернадского, дом 39;55.67559;37.506038;район Проспект Вернадского
город Москва, проспект Вернадского, дом 41, строение 3;55.674504;37.504564;район Проспект Вернадского
город Москва, проспект Вернадского, дом 53;55.67325;37.502292;район Проспект Вернадского
город Москва, проспект Вернадского, дом 6;55.691963;37.527965;район Раменки
город Москва, проспект Вернадского, дом 62;55.675758;37.495455;район Проспект Вернадского
город Москва, проспект Вернадского, дом 76, корпус В;55.672082;37.48817;район Проспект Вернадского
город Москва, проспект Вернадского, дом 76А;55.670138;37.493641;район Проспект Вернадского
город Москва, проспект Вернадского, дом 78, строение 8;55.672372;37.479097;район Тропарёво-Никулино
город Москва, проспект Вернадского, дом 82, строение 1;55.667264;37.477049;район Тропарёво-Никулино
город Москва, проспект Вернадского, дом 82, строение 2;55.667345;37.475603;район Тропарёво-Никулино
город Москва, проспект Вернадского, дом 86, строение 1;55.660496;37.474543;район Тропарёво-Никулино
город Москва, проспект Вернадского, дом 86, строение 2;55.660968;37.476088;район Тропарёво-Никулино
город Москва, проспект Вернадского, дом 86А;55.663024;37.481001;район Тропарёво-Никулино
город Москва, проспект Вернадского, дом 86Б;55.661689;37.481469;район Тропарёво-Никулино
город Москва, проспект Вернадского, дом 86Б, строение 1;55.662242;37.48031;район Тропарёво-Никулино
город Москва, проспект Вернадского, дом 86Д;55.66076;37.480265;район Тропарёво-Никулино
город Москва, проспект Вернадского, дом 88;55.657931;37.476052;район Тропарёво-Никулино
город Москва, проспект Вернадского, дом 9/10;55.69076;37.53252;Гагаринский район
город Москва, проспект Вернадского, дом 92;55.655254;37.473123;район Тропарёво-Никулино
город Москва, проспект Вернадского, дом 93;55.667132;37.495141;район Тропарёво-Никулино
город Москва, проспект Вернадского, дом 94, корпус 1;55.652659;37.475513;район Тропарёво-Никулино
город Москва, проспект Вернадского, дом 94, корпус 8;55.652679;37.476411;район Тропарёво-Никулино
город Москва, проспект Вернадского, дом 97, корпус 1;55.667158;37.491386;район Тропарёво-Никулино
город Москва, проспект Мира, дом 101, строение 2;55.812044;37.635287;Останкинский район
город Москва, проспект Мира, дом 102, корпус 1;55.800595;37.63668;Останкинский район
город Москва, проспект Мира, дом 102, корпус 2;55.801566;37.636671;Останкинский район
город Москва, проспект Мира, дом 102, строение 1А;55.80102;37.636778;Останкинский район
город Москва, проспект Мира, дом 102, строение 4;55.802169;37.638611;Алексеевский район
город Москва, проспект Мира, дом 105;55.814148;37.634281;Останкинский район
город Москва, проспект Мира, дом 105, строение 1;55.815145;37.63747;Останкинский район
город Москва, проспект Мира, дом 106;55.802791;37.636823;Алексеевский район
город Москва, проспект Мира, дом 108;55.803995;37.637048;Алексеевский район
город Москва, проспект Мира, дом 109;55.81868;37.636778;Останкинский район
город Москва, проспект Мира, дом 111;55.822751;37.639752;Останкинский район
город Москва, проспект Мира, дом 112;55.806742;37.637551;Алексеевский район
город Москва, проспект Мира, дом 114Б;55.808154;37.638359;Алексеевский район
город Москва, проспект Мира, дом 114Б, строение 2;55.80823;37.638009;Алексеевский район
город Москва, проспект Мира, дом 116;55.808978;37.637991;Алексеевский район
город Москва, проспект Мира, дом 118;55.810668;37.638305;Алексеевский район
город Москва, проспект Мира, дом 12, строение 1;55.774644;37.632646;Мещанский район
город Москва, проспект Мира, дом 120;55.811771;37.639339;Алексеевский район
город Москва, проспект Мира, дом 120, корпус 1;55.812175;37.638782;Алексеевский район
город Москва, проспект Мира, дом 122, корпус 1;55.812368;37.640102;Алексеевский район
город Москва, проспект Мира, дом 123А;55.82755;37.64242;Останкинский район
город Москва, проспект Мира, дом 124, корпус 4;55.815858;37.639572;Алексеевский район
город Москва, проспект Мира, дом 124, корпус 8;55.814345;37.639357;Алексеевский район
город Москва, проспект Мира, дом 125;55.830392;37.649606;район Ростокино
город Москва, проспект Мира, дом 14, строение 2;55.774968;37.63305;Мещанский район
город Москва, проспект Мира, дом 146;55.820642;37.642042;Алексеевский район
город Москва, проспект Мира, дом 150;55.822276;37.647037;Алексеевский район
город Москва, проспект Мира, дом 167А;55.836544;37.656362;район Ростокино
город Москва, проспект Мира, дом 169, корпус 1;55.837197;37.657682;район Ростокино
город Москва, проспект Мира, дом 175;55.838369;37.659245;район Ростокино
город Москва, проспект Мира, дом 180;55.824405;37.64604;Алексеевский район
город Москва, проспект Мира, дом 186, корпус 1;55.829062;37.650909;Алексеевский район
город Москва, проспект Мира, дом 188Б, корпус 2;55.835008;37.658347;район Ростокино
город Москва, проспект Мира, дом 19, строение 1;55.778036;37.632143;Мещанский район
город Москва, проспект Мира, дом 196, строение 1;55.837308;37.660314;район Ростокино
город Москва, проспект Мира, дом 21, строение 2;55.778527;37.631577;Мещанский район
город Москва, проспект Мира, дом 211, корпус 1;55.844041;37.66265;район Свиблово
город Москва, проспект Мира, дом 211, корпус 2;55.845855;37.662093;район Свиблово
город Москва, проспект Мира, дом 224;55.844576;37.67016;Ярославский район
город Москва, проспект Мира, дом 26, строение 1;55.77798;37.633158;Мещанский район
город Москва, проспект Мира, дом 26, строение 2;55.777267;37.63641;Мещанский район
город Москва, проспект Мира, дом 26, строение 5;55.777307;37.634416;Мещанский район
город Москва, проспект Мира, дом 26, строение 7;55.777292;37.635763;Мещанский район
город Москва, проспект Мира, дом 28;55.777975;37.633499;Мещанский район
город Москва, проспект Мира, дом 29;55.779808;37.63252;Мещанский район
город Москва, проспект Мира, дом 3, корпус 1;55.773322;37.631936;Мещанский район
город Москва, проспект Мира, дом 31;55.780127;37.632601;Мещанский район
город Москва, проспект Мира, дом 33, корпус 1;55.780319;37.632098;Мещанский район
город Москва, проспект Мира, дом 36, строение 1;55.779246;37.633347;Мещанский район
город Москва, проспект Мира, дом 39, строение 2;55.78116;37.631847;Мещанский район
город Москва, проспект Мира, дом 39А;55.781038;37.632368;Мещанский район
город Москва, проспект Мира, дом 40;55.780233;37.633688;Мещанский район
город Москва, проспект Мира, дом 41, строение 2;55.781615;37.632637;Мещанский район
город Москва, проспект Мира, дом 42;55.780664;37.633769;Мещанский район
город Москва, проспект Мира, дом 45;55.782547;37.633688;Мещанский район
город Москва, проспект Мира, дом 47, строение 1;55.782982;37.63385;Мещанский район
город Москва, проспект Мира, дом 48, строение 6;55.781818;37.634344;Мещанский район
город Москва, проспект Мира, дом 49;55.783494;37.633859;Мещанский район
город Москва, проспект Мира, дом 5, корпус 1;55.774224;37.631927;Мещанский район
город Москва, проспект Мира, дом 54;55.783402;37.635107;Мещанский район
город Москва, проспект Мира, дом 56, строение 2;55.784045;37.635341;Мещанский район
город Москва, проспект Мира, дом 58;55.785422;37.636051;Мещанский район
город Москва, проспект Мира, дом 6;55.773429;37.632682;Мещанский район
город Москва, проспект Мира, дом 61;55.785969;37.63447;Мещанский район
город Москва, проспект Мира, дом 62, строение 1;55.785559;37.635646;Мещанский район
город Москва, проспект Мира, дом 64;55.786116;37.635539;Мещанский район
город Москва, проспект Мира, дом 68, строение 1А;55.787518;37.635826;Мещанский район
город Москва, проспект Мира, дом 68, строение 3;55.78727;37.635817;Мещанский район
город Москва, проспект Мира, дом 7, строение 3;55.775069;37.631272;Мещанский район
город Москва, проспект Мира, дом 70;55.788125;37.635269;Мещанский район
город Москва, проспект Мира, дом 74, строение 1;55.789492;37.635224;Мещанский район
город Москва, проспект Мира, дом 75, строение 1;55.78978;37.634326;Мещанский район
город Москва, проспект Мира, дом 77, корпус 1;55.789942;37.634299;Мещанский район
город Москва, проспект Мира, дом 77, корпус 2;55.789957;37.633733;Мещанский район
город Москва, проспект Мира, дом 78, сооружение 1;55.791263;37.635161;Мещанский район
город Москва, проспект Мира, дом 79;55.79098;37.634182;Мещанский район
город Москва, проспект Мира, дом 79, строение 2;55.791223;37.633832;Мещанский район
город Москва, проспект Мира, дом 91, корпус 1;55.805361;37.635287;Останкинский район
город Москва, проспект Мира, дом 91, корпус 3;55.806894;37.635593;Останкинский район
город Москва, проспект Мира, дом 92, строение 1;55.793186;37.635754;Мещанский район
город Москва, проспект Мира, дом 92, строение 2;55.793232;37.636365;Мещанский район
город Москва, проспект Мира, дом 95, строение 1;55.808002;37.635862;Останкинский район
город Москва, проспект Мира, дом 95, строение 3;55.808235;37.634964;Останкинский район
город Москва, проспект Мира, дом 97;55.80909;37.636338;Останкинский район
город Москва, проспект Мира, дом 99;55.810693;37.63676;Останкинский район
город Москва, Профсоюзная улица, дом 102, строение 1;55.643658;37.526241;район Коньково
город Москва, Профсоюзная улица, дом 103А;55.635533;37.52616;район Коньково
город Москва, Профсоюзная улица, дом 104;55.64192;37.523465;район Коньково
город Москва, Профсоюзная улица, дом 109;55.633013;37.521569;район Коньково
город Москва, Профсоюзная улица, дом 109, корпус 2;55.632901;37.519872;район Коньково
город Москва, Профсоюзная улица, дом 113, корпус 1;55.63131;37.520294;район Коньково
город Москва, Профсоюзная улица, дом 118;55.636311;37.521138;район Коньково
город Москва, Профсоюзная улица, дом 12;55.685437;37.570123;Академический район
город Москва, Профсоюзная улица, дом 122;55.633709;37.518111;район Тёплый Стан
город Москва, Профсоюзная улица, дом 126, корпус 1;55.632672;37.518587;район Тёплый Стан
город Москва, Профсоюзная улица, дом 126, корпус 2;55.631168;37.517383;район Тёплый Стан
город Москва, Профсоюзная улица, дом 126, корпус 3;55.63037;37.516853;район Тёплый Стан
город Москва, Профсоюзная улица, дом 126, строение 7;55.633597;37.518587;район Тёплый Стан
город Москва, Профсоюзная улица, дом 128, корпус 1;55.630985;37.515632;район Тёплый Стан
город Москва, Профсоюзная улица, дом 128, корпус 2;55.630441;37.51529;район Тёплый Стан
город Москва, Профсоюзная улица, дом 128, корпус 3;55.630614;37.514715;район Тёплый Стан
город Москва, Профсоюзная улица, дом 129А;55.61813;37.507484;район Ясенево
город Москва, Профсоюзная улица, дом 13/12;55.680554;37.566467;Академический район
город Москва, Профсоюзная улица, дом 140;55.626904;37.511014;район Тёплый Стан
город Москва, Профсоюзная улица, дом 142, корпус 1, строение 1;55.625486;37.509343;район Тёплый Стан
город Москва, Профсоюзная улица, дом 144;55.624352;37.508292;район Тёплый Стан
город Москва, Профсоюзная улица, дом 146, корпус 1;55.623631;37.507017;район Тёплый Стан
город Москва, Профсоюзная улица, дом 15;55.679514;37.565335;Академический район
город Москва, Профсоюзная улица, дом 152, корпус 2, строение 2;55.622832;37.506262;район Тёплый Стан
город Москва, Профсоюзная улица, дом 16/10;55.684275;37.568938;Академический район
город Москва, Профсоюзная улица, дом 19;55.678458;37.564257;Академический район
город Москва, Профсоюзная улица, дом 2/22;55.687477;37.572378;Академический район
город Москва, Профсоюзная улица, дом 21А;55.675514;37.561284;район Черёмушки
город Москва, Профсоюзная улица, дом 25, корпус 1;55.674006;37.562667;район Черёмушки
город Москва, Профсоюзная улица, дом 25А;55.674331;37.564994;район Черёмушки
город Москва, Профсоюзная улица, дом 27, корпус 1;55.673905;37.559541;район Черёмушки
город Москва, Профсоюзная улица, дом 3;55.685731;37.572396;Академический район
город Москва, Профсоюзная улица, дом 33, строение 1;55.67194;37.557233;район Черёмушки
город Москва, Профсоюзная улица, дом 4;55.687046;37.571857;Академический район
город Москва, Профсоюзная улица, дом 45А;55.666883;37.551879;район Черёмушки
город Москва, Профсоюзная улица, дом 56;55.670021;37.55248;Обручевский район
город Москва, Профсоюзная улица, дом 58, корпус 4;55.669407;37.550504;Обручевский район
город Москва, Профсоюзная улица, дом 58/32, корпус 1;55.669361;37.552337;Обручевский район
город Москва, Профсоюзная улица, дом 61;55.656702;37.5425;район Черёмушки
город Москва, Профсоюзная улица, дом 61А;55.656037;37.541512;район Черёмушки
город Москва, Профсоюзная улица, дом 62, корпус 5;55.668615;37.547117;Обручевский район
город Москва, Профсоюзная улица, дом 64;55.666487;37.547414;Обручевский район
город Москва, Профсоюзная улица, дом 65, корпус 1;55.653136;37.537973;район Коньково
город Москва, Профсоюзная улица, дом 69;55.649063;37.533966;район Коньково
город Москва, Профсоюзная улица, дом 7/12;55.683696;37.56989;Академический район
город Москва, Профсоюзная улица, дом 76;55.66076;37.54356;Обручевский район
город Москва, Профсоюзная улица, дом 83А;55.645258;37.529699;район Коньково
город Москва, Профсоюзная улица, дом 96;55.647468;37.527831;район Коньково
город Москва, Профсоюзная улица, дом 98, корпус 10;55.649886;37.520141;район Коньково
Ленинградский проспект, дом 37, корпус 4;55.793313;37.540533;Хорошёвский район
Ленинградский проспект, дом 39, строение 2;55.79056;37.539877;Хорошёвский район
Ленинский проспект, владение 164;55.644064;37.468775;район Тропарёво-Никулино
